{"count":3,"results":[{"id":2,"name":"Mission 1 - Data Leak Detective","description":"You have access to the namespace *customers-userX* within the OpenShift cluster. Your first objective is to identify which specific application is leaking sensitive data and uncover the IP address to which this data is being sent.\r\nUse the available tools within the namespace to investigate.\r\n\r\n> Flag format\r\n> CTF{IPAddress}","max_attempts":0,"value":100,"category":"","type":"dynamic","state":"visible","requirements":null,"connection_info":null,"next_id":3,"attribution":null},{"id":3,"name":"Mission 2 - Malicious Code","description":"Great job identifying the rogue application! The security team traced the breach to an internal IP, suggesting an inside job. \r\nYour next objective is to determine how the hacker injected malicious code into the application. Specifically, you must find the exact root context path (/path) of the backdoor.\r\n\r\n> Flag Format\r\n> CTF{/root_context_path}\r\n","max_attempts":0,"value":100,"category":"","type":"dynamic","state":"visible","requirements":{"prerequisites":[2]},"connection_info":null,"next_id":null,"attribution":null},{"id":4,"name":"Mission 3 - Secret","description":"So the hacker altered the pipeline !\r\n\r\nStrange thing, the pipeline was altered while the user account used by the hacker didn\u2019t have edit permission within the customers-userX namespace.\r\n\r\nPlease find out how the hacker modified the pipeline, and provide the network and security team with a password.\r\n\r\n> Flag Format\r\n> CTF{password}\r\n","max_attempts":0,"value":200,"category":"","type":"dynamic","state":"visible","requirements":{"prerequisites":[2,3]},"connection_info":null,"next_id":null,"attribution":null}],"meta":{}}