{"count":5,"results":[{"id":8,"name":"Mission Zero - Briefing","description":"Read the Mission Briefing and Architecture.\r\nFind the company name!\r\n\r\n> Flag format:\r\n> *company name*","max_attempts":0,"value":5,"category":"","type":"standard","state":"visible","requirements":null,"connection_info":null,"next_id":null,"attribution":null},{"id":9,"name":"Mission 1 - Leak Detective","description":"Your first objective is to identify which application is leaking sensitive data and uncover the network information of the hacker's infrastructure where the data is sent. \r\n\r\nUse the available tools to investigate.\r\n\r\n> Flag format:\r\n> *NetAddress/mask-PortNumber*","max_attempts":0,"value":100,"category":"","type":"standard","state":"visible","requirements":{"prerequisites":[8]},"connection_info":null,"next_id":null,"attribution":null},{"id":10,"name":"Mission 2 -  Malicious Code","description":"Great job identifying the rogue application! The security team traced the breach to an internal IP, suggesting an inside job. \r\nYour next objective is to find out how the hacker injected malicious code into the application. Specifically, you must find the exact root context path (/path) of the backdoor.\r\n\r\n> Flag Format\r\n> */root_context_path*\r\n","max_attempts":0,"value":150,"category":"","type":"standard","state":"visible","requirements":{"prerequisites":[9]},"connection_info":null,"next_id":null,"attribution":null},{"id":11,"name":"Mission 3 - Secret","description":"Awesome!  \r\n\r\nYou discovered a security hole. Although the pipeline is automatically signed by Cosign and TektonChains, this process relies on the assumption that the platform is trustworthy.\r\n\r\nThe pipeline was altered even though the hacker's user account did not have \"edit\" permissions in the namespace. They must have found another way to access the pipeline files.\r\n\r\nInvestigate how the hacker was able to access the pipeline files. Your next task is to identify and report the name of a storage recipient that may contain the necessary credential information.\r\n\r\n> Flag format:\r\n> *recipient-name*\r\n","max_attempts":0,"value":80,"category":"","type":"standard","state":"visible","requirements":{"prerequisites":[10,9]},"connection_info":null,"next_id":null,"attribution":null},{"id":12,"name":"Mission 4 - The Super Admin","description":"Great!\r\n\r\nYou have found the name of a \"*Secret*\" that potentially contains credentials for the repository where the pipeline files are safely stored. \r\nHowever, the hacker\u2019s account did not have sufficient permissions to reveal the content of the \"*Secret*.\" \r\nYour final challenge is to find a method to uncover this \"*Secret*\" and submit the master password it contains.\r\n\r\n> Flag format:\r\n> *master-password*","max_attempts":0,"value":240,"category":"","type":"standard","state":"visible","requirements":{"prerequisites":[10,11,9]},"connection_info":null,"next_id":null,"attribution":null}],"meta":{}}