{"count":5,"results":[{"id":2,"name":"Mission 1 - Leak Detective","description":"Your first objective is to identify which application is leaking sensitive data and uncover the network information of the hacker's infrastructure where the data is sent. \r\n\r\nUse the available tools to investigate.\r\n\r\n> Flag format:\r\n> *NetAddress/mask-Port*","max_attempts":0,"value":100,"category":"","type":"dynamic","state":"visible","requirements":{"prerequisites":[],"anonymize":true},"connection_info":null,"next_id":3,"attribution":null},{"id":3,"name":"Mission 2 - Malicious Code","description":"Great job identifying the rogue application! The security team traced the breach to an internal IP, suggesting an inside job. \r\nYour next objective is to find out how the hacker injected malicious code into the application. Specifically, you must find the exact root context path (/path) of the backdoor.\r\n\r\n> Flag Format\r\n> */root_context_path*\r\n","max_attempts":0,"value":150,"category":"","type":"dynamic","state":"visible","requirements":{"prerequisites":[2],"anonymize":true},"connection_info":null,"next_id":null,"attribution":null},{"id":4,"name":"Mission 3 - Secret","description":"Awesome!  \r\n\r\nYou identified a security hole.  Indeed the pipeline is automatically signed by Cosign & TektonChains, however, this mechanism is based on the idea that the platform is trustable.  \r\n\r\nThe pipeline could be altered while the user account used by the hacker didn\u2019t have \"edit\" permission in the namespace.  The hacker must have accessed the pipeline files in another way.\r\n\r\nPlease find out how the hacker could access the pipeline files. Your next challenge is to report the name of a storage recipient that potentially contains needed credentials information.\r\n\r\n> Flag format:\r\n> *recipient-name*","max_attempts":0,"value":80,"category":"","type":"dynamic","state":"visible","requirements":{"prerequisites":[2,3],"anonymize":true},"connection_info":null,"next_id":null,"attribution":null},{"id":6,"name":"Mission 4 - The Super Admin","description":"Great!\r\n\r\nYou found the name of a \"Secret\" that potentially contains credentials to the repository where the pipeline files are safely stored.\r\nBut the account the hacker had wasn't given enough permissions to actually reveal the content of the \"Secret\".\r\nYour final challenge is to find a way to reveal this \"Secret\", and submit the master password it contains.\r\n\r\n> Flag format:\r\n> *master-password*","max_attempts":0,"value":240,"category":"","type":"dynamic","state":"visible","requirements":{"prerequisites":[2,3,4],"anonymize":true},"connection_info":null,"next_id":null,"attribution":null},{"id":8,"name":"Mission Zero - Briefing","description":"Read the Mission Briefing and documentation.\r\nFind the company name!\r\n\r\n> Flag format:\r\n> *company name*","max_attempts":0,"value":5,"category":"","type":"standard","state":"visible","requirements":null,"connection_info":null,"next_id":null,"attribution":null}],"meta":{}}