{"count":3,"results":[{"id":1,"type":"standard","location":"b973864462fbbac6381a0bae2108e1af/Logo-Red_Hat-Summit-A-Red-RGB.Small-logo-transparent-background.png","challenge_id":null,"page_id":null,"sha1sum":"38895cc544cff0920db60969c94d62c1ede7f76a"},{"id":2,"type":"standard","location":"4f152a9f9cc73af535f6a9b922c16c64/Logo-Red_Hat-Summit-A-White-RGB.Small-logo-transparent-background.png","challenge_id":null,"page_id":null,"sha1sum":"86922d115d8f1bdd1a9addf91445174458fc57d0"},{"id":3,"type":"page","location":"330e671f83e8d3b6305481a8fbbda84c/Logo-Red_Hat-Summit-A-Red-RGB.Small-logo-transparent-background.png","challenge_id":null,"page_id":null,"sha1sum":"38895cc544cff0920db60969c94d62c1ede7f76a"}],"meta":{}}