{"count":10,"results":[{"id":12,"type":"standard","challenge_id":9,"content":"Red Hat Advanced Cluster Security for Kubernetes is already installed and monitoring your namespace.","cost":5,"requirements":{"prerequisites":[]},"title":"Hint 1"},{"id":13,"type":"standard","challenge_id":10,"content":"Further investigations have revealed that a scheduled build was triggered a bit before the breach was detected.","cost":10,"requirements":{"prerequisites":[]},"title":"Hint 1"},{"id":14,"type":"standard","challenge_id":10,"content":"According to the architecture documentation, the Maven \"package\" task of the Tekton build pipeline should be a ClusterTask.","cost":25,"requirements":{"prerequisites":[13]},"title":"Hint 2"},{"id":15,"type":"standard","challenge_id":10,"content":"Find *Find me* and you\u2019ll know where I am!","cost":25,"requirements":{"prerequisites":[13,14]},"title":"Hint 3"},{"id":16,"type":"standard","challenge_id":11,"content":"According to the architecture document, the company went through a Platform-as-Code automation program, and all artifacts are now deployed with ArgoCD/Openshift GitOps.","cost":10,"requirements":{"prerequisites":[]},"title":"Hint 1"},{"id":17,"type":"standard","challenge_id":11,"content":"On Openshift, credentials are usually stored as Openshift Secrets.","cost":20,"requirements":{"prerequisites":[16]},"title":"Hint 2"},{"id":18,"type":"standard","challenge_id":12,"content":"No user can display Secrets in their namespace. But the pipeline can.","cost":15,"requirements":{"prerequisites":[]},"title":"Hint 1"},{"id":19,"type":"standard","challenge_id":12,"content":"Pods run under a \"*serviceaccount*\" whose permission is represented by a token that is injected at runtime.","cost":20,"requirements":{"prerequisites":[18]},"title":"Hint 2"},{"id":20,"type":"standard","challenge_id":12,"content":"Sometimes multiple pods share the same \"*serviceaccount*\".","cost":25,"requirements":{"prerequisites":[18,19]},"title":"Hint 3"},{"id":21,"type":"standard","challenge_id":12,"content":"Access tokens are usually used to call the Kubernetes APIs.","cost":35,"requirements":{"prerequisites":[18,19,20]},"title":"Hint 4"}],"meta":{}}