{"count":9,"results":[{"id":1,"type":"standard","challenge_id":2,"content":"Red Hat Advanced Cluster Security for Kubernetes is already installed and monitoring your namespace.","cost":5,"requirements":{"prerequisites":[]},"title":null},{"id":2,"type":"standard","challenge_id":3,"content":"Further investigations have revealed that a scheduled build triggered a bit before the breach was detected.","cost":10,"requirements":{"prerequisites":[]},"title":""},{"id":3,"type":"standard","challenge_id":3,"content":"According to the architecture documentation, the Maven \"package\" task of the Tekton build pipeline should be a ClusterTask.","cost":25,"requirements":{"prerequisites":[2]},"title":""},{"id":4,"type":"standard","challenge_id":4,"content":"According to the architecture document, the company went through a Platform-as-Code automation program and all artifacts are now deployed with ArgoCD/Openshift GitOps.\t","cost":10,"requirements":{"prerequisites":[]},"title":""},{"id":5,"type":"standard","challenge_id":4,"content":"On Openshift, credentials are usually stored as Openshift Secrets.","cost":20,"requirements":{"prerequisites":[4]},"title":null},{"id":8,"type":"standard","challenge_id":6,"content":"No user can display Secrets in their namespace. But the pipeline can.\t","cost":15,"requirements":{"prerequisites":[]},"title":""},{"id":9,"type":"standard","challenge_id":6,"content":"Pods run under a \"serviceaccount\" whose permission is represented by a token that is injected at runtime.","cost":20,"requirements":{"prerequisites":[8]},"title":""},{"id":10,"type":"standard","challenge_id":6,"content":"Sometimes multiple pods share the same service account.","cost":20,"requirements":{"prerequisites":[9,8]},"title":""},{"id":11,"type":"standard","challenge_id":6,"content":"Access tokens are usually used to call the Kubernetes APIs.","cost":35,"requirements":{"prerequisites":[10,9,8]},"title":""}],"meta":{}}