{"count":9,"results":[{"id":1,"type":"standard","challenge_id":2,"content":"Red Hat Advanced Cluster Security for Kubernetes is already installed and monitoring your namespace.","cost":5,"requirements":{"prerequisites":[]}},{"id":2,"type":"standard","challenge_id":3,"content":"Further investigations have revealed that a scheduled build occured a bit before the breach was detected.","cost":10,"requirements":{"prerequisites":[]}},{"id":3,"type":"standard","challenge_id":3,"content":"According to the documentation, the Maven \"package\" task of the Tekton build pipeline should be a ClusterTask","cost":25,"requirements":{"prerequisites":[2]}},{"id":4,"type":"standard","challenge_id":4,"content":"According to the architercture document, the company went through a Platform-as-Code automation program and all artifacts are now deployed with ArgoCD/Openshift GitOps.","cost":10,"requirements":{"prerequisites":[]}},{"id":5,"type":"standard","challenge_id":4,"content":"On Openshift, credentials are usually stored as Openshift Secrets.","cost":20,"requirements":{"prerequisites":[4]}},{"id":8,"type":"standard","challenge_id":6,"content":"No user can display Secrets in that namespace.  But the pipeline is able to.","cost":15,"requirements":{"prerequisites":[]}},{"id":9,"type":"standard","challenge_id":6,"content":"A pod runs with a Service Account.  Openshift provides each Service Account an access token based on what the service account is allowed to do.  The token is injected at runtime.","cost":20,"requirements":{"prerequisites":[8]}},{"id":10,"type":"standard","challenge_id":6,"content":"Sometimes multiple pods run with the same service account.  ","cost":20,"requirements":{"prerequisites":[9,8]}},{"id":11,"type":"standard","challenge_id":6,"content":"Access tokens are usually used to access the Kubernetes APIs.","cost":35,"requirements":{"prerequisites":[10,9,8]}}],"meta":{}}