{"count":7,"results":[{"id":1,"type":"standard","challenge_id":2,"content":"Red Hat Advanced Cluster Security for Kubernetes is already installed and monitoring your namespace.","cost":20,"requirements":{"prerequisites":[]}},{"id":2,"type":"standard","challenge_id":3,"content":"Further investigations have revealed that a build was triggered a bit before the breach was detected.","cost":20,"requirements":{"prerequisites":[]}},{"id":3,"type":"standard","challenge_id":3,"content":"According to the documentation, the maven task of a Tekton pipeline should be a ClusterTask","cost":30,"requirements":{"prerequisites":[2]}},{"id":4,"type":"standard","challenge_id":4,"content":"The company went through an automation program a while ago and all artifacts, including the pipelines and tasks, are now deployed with GitOps.","cost":20,"requirements":{"prerequisites":[]}},{"id":5,"type":"standard","challenge_id":4,"content":"Usually, the GitOps server (pod) is permitted to synchronize objects with the target namespace.  This access reflects what the GitOps pod can do.","cost":20,"requirements":{"prerequisites":[4]}},{"id":6,"type":"standard","challenge_id":4,"content":"The GIT repo is protected, however a former pipeline used to push to that repo, and maybe traces of the credentials used by that old pipeline remain on the platform.","cost":20,"requirements":{"prerequisites":[4,5]}},{"id":7,"type":"standard","challenge_id":4,"content":"On Openshift, a pod runs with a *serviceaccount*, and the authorization of that service account is provided via a token.  What solutions, such as GitOps, usually do to make API calls to the Kubernetes platform?","cost":20,"requirements":{"prerequisites":[4,5,6]}}],"meta":{}}