{"count":1,"results":[{"id":1,"title":"Mission Briefing","route":"index","content":"<div class=\"col-md-10 offset-md-3\">\r\n  <img class=\"mx-auto d-block\" style=\"padding: 50px;padding-top: 14vh;\" src=\"/files/330e671f83e8d3b6305481a8fbbda84c/Logo-Red_Hat-Summit-A-Red-RGB.Small-logo-transparent-background.png\" />\r\n  <h2 class=\"text-center\">\r\n    <p>{{ ctf_name }}</p>\r\n  </h2>\r\n  <br>\r\n    <h3 class=\"text-center\">\r\n    <p>Mission Briefing</p>\r\n  </h3>\r\n  <h5 class=\"text-center  my-4\">\r\n    <p>Welcome to the Security Task Force; please have a seat!\r\n      \r\nA critical security alert was raised by the NS team (Network & Security team). They claim that an application hosted on an OpenShift cluster has been compromised today, resulting in sensitive data being leaked out to an external server. They also pointed out an unexpected login from a generic user account that is supposed to be the one used by the hacker.\r\n\r\nThe applications and operations team haven\u2019t been able to find any security issues in the applications or the secured pipelines.\r\n\r\nWe need your help in identifying security issues on the platform. To support this, we've provided you with an account that has permissions similar to those associated with the one flagged by the NS team.\r\n\r\nYour objective, as a DevSecOps expert, is to trace back the actions taken by the hacker and provide information to the security team who will then review and update our security best practices.</p></h5>\r\n    <br>\r\n    <h3 class=\"text-center\">\r\n    <p>First mission</p>\r\n  <h5 class=\"text-center  my-4\"><p>Your first objective is to identify which application is leaking sensitive data and uncover the network information of the hacker\u2019s external server.</p></h5>      \r\n  </h3>\r\n  <h4 class=\"text-center\">\r\n    <a href=\"challenges\">Click here</a> to start your challenges\r\n  </h4>\r\n</div>","draft":0,"hidden":0,"auth_required":0,"format":"markdown","link_target":null}],"meta":{}}