{"count":6,"results":[{"id":1,"type":null,"ip":"176.130.137.72","user_id":1,"date":"2025-04-17T15:45:58.742824"},{"id":2,"type":null,"ip":"85.201.146.70","user_id":2,"date":"2025-04-17T15:43:31.234021"},{"id":3,"type":null,"ip":"85.201.146.70","user_id":1,"date":"2025-04-17T15:15:15.895484"},{"id":4,"type":null,"ip":"176.130.137.72","user_id":2,"date":"2025-04-01T09:37:38.615285"},{"id":5,"type":null,"ip":"95.182.172.204","user_id":1,"date":"2025-04-04T13:07:23.288569"},{"id":6,"type":null,"ip":"176.130.137.72","user_id":3,"date":"2025-04-17T15:33:55.888050"}],"meta":{}}