{"count":2,"results":[{"id":1,"oauth_id":null,"name":"admin","password":"$bcrypt-sha256$v=2,t=2b,r=12$wzk5gSUkYB6TUDFJt1ND5e$btz8rJrzRyh5Dud5dhNGjqFq0OYYj4G","email":"admin@admin.com","type":"admin","secret":null,"website":null,"affiliation":null,"country":null,"hidden":1,"banned":0,"verified":0,"team_id":null,"created":"2025-03-23T16:50:01.645947","language":null,"bracket_id":null},{"id":2,"oauth_id":null,"name":"michael","password":"$bcrypt-sha256$v=2,t=2b,r=12$tW2.HDlSUncB40BEfPRgIO$7Wr/Ubmcye5anuYRgO6a4WsTiY6QvQO","email":"michael@email.com","type":"user","secret":null,"website":null,"affiliation":null,"country":null,"hidden":1,"banned":0,"verified":1,"team_id":null,"created":"2025-03-31T10:38:39.738246","language":null,"bracket_id":null}],"meta":{}}