{"count":3,"results":[{"id":1,"oauth_id":null,"name":"admin","password":"$bcrypt-sha256$v=2,t=2b,r=12$6sl8OyWdf0vD9qhG8/zSCO$HqUkSZfcjqaK24jf3qn6kvfeFc1U9Ym","email":"admin@admin.com","type":"admin","secret":null,"website":null,"affiliation":null,"country":null,"hidden":1,"banned":0,"verified":0,"team_id":null,"created":"2025-03-23T16:50:01.645947","language":null,"bracket_id":null},{"id":2,"oauth_id":null,"name":"michael","password":"$bcrypt-sha256$v=2,t=2b,r=12$tW2.HDlSUncB40BEfPRgIO$7Wr/Ubmcye5anuYRgO6a4WsTiY6QvQO","email":"michael@email.com","type":"user","secret":null,"website":null,"affiliation":null,"country":null,"hidden":1,"banned":0,"verified":1,"team_id":null,"created":"2025-03-31T10:38:39.738246","language":null,"bracket_id":null},{"id":3,"oauth_id":null,"name":"rachid","password":"$bcrypt-sha256$v=2,t=2b,r=12$R4RsbWnrkZaGwpmLSY4X5O$/U40OeF2ch9dvY2eI/9dmDADtMMW0Qa","email":"rachid@email.com","type":"user","secret":null,"website":null,"affiliation":null,"country":null,"hidden":1,"banned":0,"verified":1,"team_id":null,"created":"2025-04-02T10:32:21.561237","language":null,"bracket_id":null}],"meta":{}}